<?xml version="1.0" encoding="utf-8"?>
<edmx:Edmx Version="1.0" xmlns:edmx="http://schemas.microsoft.com/ado/2007/06/edmx"
	xmlns:m="http://schemas.microsoft.com/ado/2007/08/dataservices/metadata" xmlns:sap="http://www.sap.com/Protocols/SAPData">
	<edmx:DataServices m:DataServiceVersion="2.0">
		<Schema Namespace="Z_NPI_PROGRAM_SRV" xml:lang="en" sap:schema-version="1" xmlns="http://schemas.microsoft.com/ado/2008/09/edm">
			<EntityType Name="NPIEngModel" sap:content-version="1">
				<Key><PropertyRef Name="ProgramId"/><PropertyRef Name="EngModel"/></Key><Property Name="ProgramId" Type="Edm.String" Nullable="false" MaxLength="50" sap:unicode="false" sap:label="PROGRAM ID"
					sap:creatable="false" sap:updatable="false" sap:sortable="false" sap:filterable="false"/><Property Name="EngModel" Type="Edm.String" Nullable="false" MaxLength="10" sap:unicode="false" sap:label="ENGINEERING MODEL"
					sap:creatable="false" sap:updatable="false" sap:sortable="false"/><Property Name="Descr" Type="Edm.String" Nullable="false" MaxLength="60" sap:unicode="false" sap:label="Description" sap:creatable="false"
					sap:updatable="false" sap:sortable="false" sap:filterable="false"/><Property Name="SerialNumber" Type="Edm.String" Nullable="false" MaxLength="2" sap:unicode="false" sap:label="Serial No"
					sap:creatable="false" sap:updatable="false" sap:sortable="false" sap:filterable="false"/></EntityType>
			<EntityType Name="NPIUser" sap:content-version="1">
				<Key><PropertyRef Name="UserID"/></Key><Property Name="UserID" Type="Edm.String" Nullable="false" MaxLength="12" sap:unicode="false" sap:creatable="false" sap:updatable="false"
					sap:sortable="false" sap:filterable="false"/><Property Name="Role" Type="Edm.String" Nullable="false" MaxLength="10" sap:unicode="false" sap:creatable="false" sap:updatable="false"
					sap:sortable="false"/></EntityType>
			<EntityType Name="NPIPartNum" sap:content-version="1">
				<Key><PropertyRef Name="ProgramId"/><PropertyRef Name="PartNumber"/></Key><Property Name="ProgramId" Type="Edm.String" Nullable="false" MaxLength="50" sap:unicode="false" sap:label="PROGRAM ID"
					sap:creatable="false" sap:updatable="false" sap:sortable="false" sap:filterable="false"/><Property Name="PartNumber" Type="Edm.String" Nullable="false" MaxLength="10" sap:unicode="false" sap:label="PART NUMBER"
					sap:creatable="false" sap:updatable="false" sap:sortable="false"/><Property Name="Descr" Type="Edm.String" Nullable="false" MaxLength="60" sap:unicode="false" sap:label="Description" sap:creatable="false"
					sap:updatable="false" sap:sortable="false" sap:filterable="false"/><Property Name="SerialNumber" Type="Edm.String" Nullable="false" MaxLength="2" sap:unicode="false" sap:label="Serial No"
					sap:creatable="false" sap:updatable="false" sap:sortable="false" sap:filterable="false"/></EntityType>
			<EntityType Name="NPIProgram" sap:content-version="1">
				<Key><PropertyRef Name="ProgramId"/><PropertyRef Name="SerialNumber"/></Key><Property Name="ProgramId" Type="Edm.String" Nullable="false" MaxLength="50" sap:unicode="false" sap:label="PROGRAM ID"
					sap:creatable="false" sap:updatable="false"/><Property Name="SerialNumber" Type="Edm.String" Nullable="false" MaxLength="2" sap:unicode="false" sap:label="Serial No"
					sap:creatable="false" sap:updatable="false"/><Property Name="NpiDescription" Type="Edm.String" Nullable="false" MaxLength="75" sap:unicode="false" sap:label="NPI Description"
					sap:creatable="false" sap:updatable="false" sap:sortable="false"/><Property Name="SalesModel" Type="Edm.String" Nullable="false" MaxLength="50" sap:unicode="false" sap:label="Sales Model"
					sap:creatable="false" sap:updatable="false"/><Property Name="ProductFamily" Type="Edm.String" Nullable="false" MaxLength="255" sap:unicode="false" sap:label="PRODUCT FAMILY"
					sap:creatable="false" sap:updatable="false" sap:sortable="false"/><Property Name="IndustyType" Type="Edm.String" Nullable="false" MaxLength="255" sap:unicode="false" sap:label="INDUSTRY TYPE"
					sap:creatable="false" sap:updatable="false" sap:sortable="false"/><Property Name="ProgramType" Type="Edm.String" Nullable="false" MaxLength="255" sap:unicode="false" sap:label="PROGRAM TYPE"
					sap:creatable="false" sap:updatable="false" sap:sortable="false"/><Property Name="EmissionProgram" Type="Edm.String" Nullable="false" MaxLength="15" sap:unicode="false" sap:label="EMISSION PROG"
					sap:creatable="false" sap:updatable="false" sap:sortable="false"/><Property Name="Gw6Date" Type="Edm.DateTime" Precision="0" sap:unicode="false" sap:label="GW6 DATE" sap:creatable="false"
					sap:updatable="false" sap:sortable="false"/><Property Name="NpiManager" Type="Edm.String" Nullable="false" MaxLength="50" sap:unicode="false" sap:label="NPI MANAGER"
					sap:creatable="false" sap:updatable="false" sap:sortable="false"/><Property Name="NeparFlag" Type="Edm.String" Nullable="false" MaxLength="1" sap:unicode="false" sap:label="NEPAR FLAG" sap:creatable="false"
					sap:updatable="false" sap:sortable="false"/><Property Name="CapSalesModel" Type="Edm.String" Nullable="false" MaxLength="10" sap:unicode="false" sap:label="CAP SALES MODEL"
					sap:creatable="false" sap:updatable="false" sap:sortable="false"/><Property Name="Status" Type="Edm.String" Nullable="false" MaxLength="50" sap:unicode="false" sap:label="STATUS" sap:creatable="false"
					sap:updatable="false" sap:sortable="false"/><Property Name="FirstShipDate" Type="Edm.DateTime" Precision="0" sap:unicode="false" sap:label="FIRST SHIP DATE" sap:creatable="false"
					sap:updatable="false" sap:sortable="false"/><Property Name="ProjectToDate" Type="Edm.DateTime" Precision="0" sap:unicode="false" sap:label="PROJECT TO DATE" sap:creatable="false"
					sap:updatable="false" sap:sortable="false"/><Property Name="BlitzDate" Type="Edm.DateTime" Precision="0" sap:unicode="false" sap:label="BLITZ DATE" sap:creatable="false"
					sap:updatable="false" sap:sortable="false"/><Property Name="BlitzStatus" Type="Edm.String" Nullable="false" MaxLength="25" sap:unicode="false" sap:label="BLITZ STATUS"
					sap:creatable="false" sap:updatable="false" sap:sortable="false"/><Property Name="EngModel" Type="Edm.String" Nullable="false" MaxLength="10" sap:unicode="false" sap:label="ENGINEERING MODEL"
					sap:creatable="false" sap:updatable="false" sap:sortable="false"/><Property Name="PartNumber" Type="Edm.String" Nullable="false" MaxLength="10" sap:unicode="false" sap:label="PART NUMBER"
					sap:creatable="false" sap:updatable="false" sap:sortable="false"/><Property Name="CreatedOn" Type="Edm.DateTime" Precision="0" sap:unicode="false" sap:label="CREATED ON" sap:creatable="false"
					sap:updatable="false" sap:sortable="false"/><Property Name="CreatedBy" Type="Edm.String" Nullable="false" MaxLength="12" sap:unicode="false" sap:label="CREATED BY"
					sap:creatable="false" sap:updatable="false" sap:sortable="false"/><Property Name="ModifiedOn" Type="Edm.DateTime" Precision="0" sap:unicode="false" sap:label="MODIFIED ON" sap:creatable="false"
					sap:updatable="false" sap:sortable="false"/><Property Name="ModifiedBy" Type="Edm.String" Nullable="false" MaxLength="12" sap:unicode="false" sap:label="MODIFIED BY"
					sap:creatable="false" sap:updatable="false" sap:sortable="false"/><Property Name="Comments" Type="Edm.String" Nullable="false" sap:unicode="false" sap:label="COMMENTS" sap:creatable="false"
					sap:updatable="false" sap:sortable="false"/><Property Name="PPM" Type="Edm.String" Nullable="false" MaxLength="12" sap:unicode="false" sap:label="PPM" sap:creatable="false"
					sap:updatable="false" sap:sortable="false"/><NavigationProperty Name="NPIEngModelSet" Relationship="Z_NPI_PROGRAM_SRV.ProgramToEng" FromRole="FromRole_ProgramToEng"
					ToRole="ToRole_ProgramToEng"/><NavigationProperty Name="NPIPartNumSet" Relationship="Z_NPI_PROGRAM_SRV.ProgramToPart" FromRole="FromRole_ProgramToPart"
					ToRole="ToRole_ProgramToPart"/></EntityType>
			<Association Name="ProgramToEng" sap:content-version="1" sap:label="NPI Program to Eng Model"><End Type="Z_NPI_PROGRAM_SRV.NPIProgram" Multiplicity="1" Role="FromRole_ProgramToEng"/><End Type="Z_NPI_PROGRAM_SRV.NPIEngModel" Multiplicity="*" Role="ToRole_ProgramToEng"/>
				<ReferentialConstraint>
					<Principal Role="FromRole_ProgramToEng"><PropertyRef Name="SerialNumber"/><PropertyRef Name="ProgramId"/></Principal>
					<Dependent Role="ToRole_ProgramToEng"><PropertyRef Name="SerialNumber"/><PropertyRef Name="ProgramId"/></Dependent>
				</ReferentialConstraint>
			</Association>
			<Association Name="ProgramToPart" sap:content-version="1"><End Type="Z_NPI_PROGRAM_SRV.NPIProgram" Multiplicity="1" Role="FromRole_ProgramToPart"/><End Type="Z_NPI_PROGRAM_SRV.NPIPartNum" Multiplicity="*" Role="ToRole_ProgramToPart"/>
				<ReferentialConstraint>
					<Principal Role="FromRole_ProgramToPart"><PropertyRef Name="SerialNumber"/><PropertyRef Name="ProgramId"/></Principal>
					<Dependent Role="ToRole_ProgramToPart"><PropertyRef Name="SerialNumber"/><PropertyRef Name="ProgramId"/></Dependent>
				</ReferentialConstraint>
			</Association>
			<EntityContainer Name="Z_NPI_PROGRAM_SRV_Entities" m:IsDefaultEntityContainer="true" sap:supported-formats="atom json xlsx"><EntitySet Name="NPIEngModelSet" EntityType="Z_NPI_PROGRAM_SRV.NPIEngModel" sap:creatable="false" sap:updatable="false"
				sap:deletable="false" sap:pageable="false" sap:addressable="false" sap:content-version="1"/><EntitySet Name="NPIUserSet" EntityType="Z_NPI_PROGRAM_SRV.NPIUser" sap:creatable="false" sap:updatable="false" sap:deletable="false"
				sap:pageable="false" sap:addressable="false" sap:content-version="1"/><EntitySet Name="NPIPartNumSet" EntityType="Z_NPI_PROGRAM_SRV.NPIPartNum" sap:creatable="false" sap:updatable="false" sap:deletable="false"
				sap:pageable="false" sap:addressable="false" sap:content-version="1"/><EntitySet Name="NPIProgramSet" EntityType="Z_NPI_PROGRAM_SRV.NPIProgram" sap:creatable="false" sap:updatable="false" sap:deletable="false"
				sap:pageable="false" sap:content-version="1"/>
				<AssociationSet Name="ProgramToEngSet" Association="Z_NPI_PROGRAM_SRV.ProgramToEng" sap:creatable="false" sap:updatable="false"
					sap:deletable="false" sap:content-version="1"><End EntitySet="NPIProgramSet" Role="FromRole_ProgramToEng"/><End EntitySet="NPIEngModelSet" Role="ToRole_ProgramToEng"/></AssociationSet>
				<AssociationSet Name="ProgramToPartSet" Association="Z_NPI_PROGRAM_SRV.ProgramToPart" sap:creatable="false" sap:updatable="false"
					sap:deletable="false" sap:content-version="1"><End EntitySet="NPIProgramSet" Role="FromRole_ProgramToPart"/><End EntitySet="NPIPartNumSet" Role="ToRole_ProgramToPart"/></AssociationSet>
			</EntityContainer><atom:link rel="self"
				href="https://webidecp-tv2wqwmhc6.dispatcher.us2.hana.ondemand.com/destinations/ND2/sap/opu/odata/sap/Z_NPI_PROGRAM_SRV/$metadata"
				xmlns:atom="http://www.w3.org/2005/Atom"/><atom:link rel="latest-version"
				href="https://webidecp-tv2wqwmhc6.dispatcher.us2.hana.ondemand.com/destinations/ND2/sap/opu/odata/sap/Z_NPI_PROGRAM_SRV/$metadata"
				xmlns:atom="http://www.w3.org/2005/Atom"/></Schema>
	</edmx:DataServices>
</edmx:Edmx>