<edmx:Edmx xmlns:edmx="http://schemas.microsoft.com/ado/2007/06/edmx"
	xmlns:m="http://schemas.microsoft.com/ado/2007/08/dataservices/metadata" xmlns:sap="http://www.sap.com/Protocols/SAPData" Version="1.0">
	<edmx:Reference xmlns:edmx="http://docs.oasis-open.org/odata/ns/edmx"
		Uri="./IWFND/CATALOGSERVICE;v=2/Vocabularies(TechnicalName='%2FIWBEP%2FVOC_COMMON',Version='0001',SAP__Origin='RS3CLNT010')/$value"><edmx:Include Namespace="com.sap.vocabularies.Common.v1" Alias="Common"/></edmx:Reference>
	<edmx:DataServices m:DataServiceVersion="2.0">
		<Schema xmlns="http://schemas.microsoft.com/ado/2008/09/edm" Namespace="ZIB_TEST_CDS" xml:lang="en" sap:schema-version="1">
			<EntityType Name="ZIB_dropdownType" sap:label="Dropdown" sap:content-version="1">
				<Key><PropertyRef Name="flag"/></Key><Property Name="flag" Type="Edm.String" Nullable="false" MaxLength="1" sap:display-format="UpperCase" sap:label="Processing Status"/><Property Name="ddtext" Type="Edm.String" MaxLength="60" sap:label="Short Descript."/></EntityType>
			<EntityType Name="ZIB_ENGType" sap:label="Eng model" sap:content-version="1">
				<Key><PropertyRef Name="model_no"/></Key><Property Name="model_no" Type="Edm.String" Nullable="false" MaxLength="10" sap:display-format="UpperCase" sap:label="Model No"/><Property Name="ver" Type="Edm.String" MaxLength="5" sap:display-format="UpperCase" sap:label="Version"/><Property Name="arr_no" Type="Edm.String" MaxLength="20" sap:display-format="UpperCase" sap:label="Arr"/></EntityType>
			<EntityType Name="ZIB_PARTType" sap:label="Parts" sap:content-version="1">
				<Key><PropertyRef Name="part_number"/></Key><Property Name="part_number" Type="Edm.String" Nullable="false" MaxLength="10" sap:display-format="UpperCase" sap:label="PART NUMBER"/><Property Name="createdby" Type="Edm.String" MaxLength="12" sap:display-format="UpperCase" sap:label="Last changed by"/></EntityType>
			<EntityType Name="ZIB_TESTType" sap:label="Test NPI" sap:content-version="1">
				<Key><PropertyRef Name="program_id"/><PropertyRef Name="serial_number"/></Key><Property Name="Multi_ac" Type="Edm.Boolean" sap:label="Dyn. Action Control" sap:creatable="false" sap:updatable="false"
					sap:sortable="false" sap:filterable="false"/><Property Name="npi_description" Type="Edm.String" MaxLength="75" sap:display-format="UpperCase" sap:label="NPI Program Description"/><Property Name="sales_model" Type="Edm.String" MaxLength="50" sap:display-format="UpperCase" sap:label="Sales Model"/><Property Name="product_family" Type="Edm.String" MaxLength="255" sap:display-format="UpperCase" sap:label="Product Family"/><Property Name="program_type" Type="Edm.String" MaxLength="255" sap:display-format="UpperCase" sap:label="Program Type"/><Property Name="emission_program" Type="Edm.String" MaxLength="15" sap:display-format="UpperCase" sap:label="Emission Program"/><Property Name="gw6_date" Type="Edm.DateTime" Precision="0" sap:display-format="Date" sap:label="GW6 Date"/><Property Name="npi_manager" Type="Edm.String" MaxLength="50" sap:display-format="UpperCase" sap:label="NPI MANAGER"/><Property Name="nepar_flag" Type="Edm.Boolean" sap:display-format="UpperCase" sap:label="NEPAR Flag" sap:value-list="standard"/><Property Name="comments" Type="Edm.String" sap:label="Comments"/><Property Name="cap_sales_model" Type="Edm.String" MaxLength="10" sap:display-format="UpperCase" sap:label="CAP SALES MODEL"/><Property Name="status" Type="Edm.String" MaxLength="50" sap:display-format="UpperCase" sap:label="STATUS"/><Property Name="first_ship_date" Type="Edm.DateTime" Precision="0" sap:display-format="Date" sap:label="FIRST SHIP DATE"/><Property Name="project_to_date" Type="Edm.DateTime" Precision="0" sap:display-format="Date" sap:label="PROJECT TO DATE"/><Property Name="blitz_date" Type="Edm.DateTime" Precision="0" sap:display-format="Date" sap:label="BLITZ DATE"/><Property Name="blitz_status" Type="Edm.String" MaxLength="25" sap:display-format="UpperCase" sap:label="BLITZ STATUS"/><Property Name="eng_model" Type="Edm.String" MaxLength="10" sap:display-format="UpperCase" sap:label="ENGINEERING MODEL"/><Property Name="part_number" Type="Edm.String" MaxLength="10" sap:display-format="UpperCase" sap:label="PART NUMBER"/><Property Name="created_on" Type="Edm.Decimal" Precision="15" Scale="0" sap:label="CREATED ON"/><Property Name="created_by" Type="Edm.String" MaxLength="10" sap:display-format="UpperCase" sap:label="CREATED BY"/><Property Name="modified_on" Type="Edm.Decimal" Precision="15" Scale="0" sap:label="MODIFIED ON"/><Property Name="modified_by" Type="Edm.String" MaxLength="255" sap:display-format="UpperCase" sap:label="MODIFIED BY"/><Property Name="program_id" Type="Edm.String" Nullable="false" MaxLength="50" sap:display-format="UpperCase" sap:label="Program ID"/><Property Name="serial_number" Type="Edm.String" Nullable="false" MaxLength="2" sap:display-format="UpperCase" sap:label="Serial Number"/><NavigationProperty Name="to_drop" Relationship="ZIB_TEST_CDS.assoc_43BAB0723908E6A0F4E8368A08D16697"
					FromRole="FromRole_assoc_43BAB0723908E6A0F4E8368A08D16697" ToRole="ToRole_assoc_43BAB0723908E6A0F4E8368A08D16697"/><NavigationProperty Name="to_eng" Relationship="ZIB_TEST_CDS.assoc_49D522BA46717CEDCA962AAC226E9C25"
					FromRole="FromRole_assoc_49D522BA46717CEDCA962AAC226E9C25" ToRole="ToRole_assoc_49D522BA46717CEDCA962AAC226E9C25"/><NavigationProperty Name="to_part" Relationship="ZIB_TEST_CDS.assoc_7971C865EB1CFD58BFC0842B3F64F18E"
					FromRole="FromRole_assoc_7971C865EB1CFD58BFC0842B3F64F18E" ToRole="ToRole_assoc_7971C865EB1CFD58BFC0842B3F64F18E"/></EntityType>
			<Association Name="assoc_49D522BA46717CEDCA962AAC226E9C25" sap:content-version="1"><End Type="ZIB_TEST_CDS.ZIB_TESTType" Multiplicity="1" Role="FromRole_assoc_49D522BA46717CEDCA962AAC226E9C25"/><End Type="ZIB_TEST_CDS.ZIB_ENGType" Multiplicity="*" Role="ToRole_assoc_49D522BA46717CEDCA962AAC226E9C25"/></Association>
			<Association Name="assoc_7971C865EB1CFD58BFC0842B3F64F18E" sap:content-version="1"><End Type="ZIB_TEST_CDS.ZIB_TESTType" Multiplicity="1" Role="FromRole_assoc_7971C865EB1CFD58BFC0842B3F64F18E"/><End Type="ZIB_TEST_CDS.ZIB_PARTType" Multiplicity="*" Role="ToRole_assoc_7971C865EB1CFD58BFC0842B3F64F18E"/></Association>
			<Association Name="assoc_43BAB0723908E6A0F4E8368A08D16697" sap:content-version="1"><End Type="ZIB_TEST_CDS.ZIB_TESTType" Multiplicity="1" Role="FromRole_assoc_43BAB0723908E6A0F4E8368A08D16697"/><End Type="ZIB_TEST_CDS.ZIB_dropdownType" Multiplicity="*" Role="ToRole_assoc_43BAB0723908E6A0F4E8368A08D16697"/></Association>
			<EntityContainer Name="ZIB_TEST_CDS_Entities" m:IsDefaultEntityContainer="true" sap:supported-formats="atom json xlsx"><EntitySet Name="ZIB_dropdown" EntityType="ZIB_TEST_CDS.ZIB_dropdownType" sap:creatable="false" sap:updatable="false" sap:deletable="false"
				sap:content-version="1"/><EntitySet Name="ZIB_ENG" EntityType="ZIB_TEST_CDS.ZIB_ENGType" sap:content-version="1"/><EntitySet Name="ZIB_PART" EntityType="ZIB_TEST_CDS.ZIB_PARTType" sap:creatable="false" sap:updatable="false" sap:deletable="false"
				sap:content-version="1"/><EntitySet Name="ZIB_TEST" EntityType="ZIB_TEST_CDS.ZIB_TESTType" sap:content-version="1"/>
				<AssociationSet Name="assoc_49D522BA46717CEDCA962AAC226E9C25" Association="ZIB_TEST_CDS.assoc_49D522BA46717CEDCA962AAC226E9C25"
					sap:creatable="false" sap:updatable="false" sap:deletable="false" sap:content-version="1"><End EntitySet="ZIB_TEST" Role="FromRole_assoc_49D522BA46717CEDCA962AAC226E9C25"/><End EntitySet="ZIB_ENG" Role="ToRole_assoc_49D522BA46717CEDCA962AAC226E9C25"/></AssociationSet>
				<AssociationSet Name="assoc_43BAB0723908E6A0F4E8368A08D16697" Association="ZIB_TEST_CDS.assoc_43BAB0723908E6A0F4E8368A08D16697"
					sap:creatable="false" sap:updatable="false" sap:deletable="false" sap:content-version="1"><End EntitySet="ZIB_TEST" Role="FromRole_assoc_43BAB0723908E6A0F4E8368A08D16697"/><End EntitySet="ZIB_dropdown" Role="ToRole_assoc_43BAB0723908E6A0F4E8368A08D16697"/></AssociationSet>
				<AssociationSet Name="assoc_7971C865EB1CFD58BFC0842B3F64F18E" Association="ZIB_TEST_CDS.assoc_7971C865EB1CFD58BFC0842B3F64F18E"
					sap:creatable="false" sap:updatable="false" sap:deletable="false" sap:content-version="1"><End EntitySet="ZIB_TEST" Role="FromRole_assoc_7971C865EB1CFD58BFC0842B3F64F18E"/><End EntitySet="ZIB_PART" Role="ToRole_assoc_7971C865EB1CFD58BFC0842B3F64F18E"/></AssociationSet>
				<FunctionImport Name="ZIB_TESTMulti" ReturnType="ZIB_TEST_CDS.ZIB_TESTType" EntitySet="ZIB_TEST" m:HttpMethod="POST"
					sap:action-for="ZIB_TEST_CDS.ZIB_TESTType" sap:applicable-path="Multi_ac"><Parameter Name="sales_model" Type="Edm.String" Mode="In" MaxLength="50"/><Parameter Name="gw6_date" Type="Edm.DateTime" Mode="In" Precision="0"/><Parameter Name="program_id" Type="Edm.String" Mode="In" MaxLength="50"/><Parameter Name="serial_number" Type="Edm.String" Mode="In" MaxLength="2"/></FunctionImport>
			</EntityContainer>
			<Annotations xmlns="http://docs.oasis-open.org/odata/ns/edm" Target="ZIB_TEST_CDS.ZIB_TESTType/nepar_flag">
				<Annotation Term="Common.ValueList">
					<Record><PropertyValue Property="Label" String="Dropdown"/><PropertyValue Property="CollectionPath" String="ZIB_dropdown"/><PropertyValue Property="SearchSupported" Bool="false"/>
						<PropertyValue Property="Parameters">
							<Collection>
								<Record Type="Common.ValueListParameterInOut"><PropertyValue Property="LocalDataProperty" PropertyPath="nepar_flag"/><PropertyValue Property="ValueListProperty" String="flag"/></Record>
								<Record Type="Common.ValueListParameterDisplayOnly"><PropertyValue Property="ValueListProperty" String="ddtext"/></Record>
							</Collection>
						</PropertyValue>
					</Record>
				</Annotation>
			</Annotations><atom:link xmlns:atom="http://www.w3.org/2005/Atom" rel="self" href="./sap/ZIB_TEST_CDS/$metadata"/><atom:link xmlns:atom="http://www.w3.org/2005/Atom" rel="latest-version" href="./sap/ZIB_TEST_CDS/$metadata"/></Schema>
	</edmx:DataServices>
</edmx:Edmx>